Id,Nombre,Tipo,Padre,Madre,Propietario,Generacion,Genero
1,Firulais,GATO,0,0,Noe,1,true
2,Mar√≠a,GATO,0,0,Noe,1,false
3,Gregorio,GATO,0,0,Juan,1,true
4,Firulais,GATO,1,2,Noe,2,false
5,Firulais,GATO,1,2,Noe,2,true
6,Gregorio,GATO,3,2,Noe,2,true
7,Gregorio,GATO,3,2,Noe,2,true
8,Gregorio,GATO,3,4,Noe,3,false
9,Gregorio,GATO,3,4,Noe,3,false
10,Gregorio,GATO,6,4,Noe,3,true
11,Gregorio,GATO,6,4,Noe,3,true
12,Gregorio,GATO,7,4,Noe,3,false
13,Gregorio,GATO,7,4,Noe,3,true
14,Firulais,GATO,1,8,Noe,4,false
15,Firulais,GATO,1,8,Noe,4,true
16,Firulais,GATO,1,9,Noe,4,true
17,Firulais,GATO,1,9,Noe,4,true
18,Firulais,GATO,1,12,Noe,4,false
19,Firulais,GATO,1,12,Noe,4,true
20,Gregorio,GATO,10,2,Noe,4,false
21,Gregorio,GATO,10,2,Noe,4,true
22,Gregorio,GATO,11,2,Noe,4,true
23,Gregorio,GATO,11,2,Noe,4,false
24,Gregorio,GATO,13,2,Noe,4,false
25,Gregorio,GATO,13,2,Noe,4,true
26,Gregorio,GATO,3,12,Noe,4,true
27,Gregorio,GATO,3,12,Noe,4,false
28,Firulais,GATO,5,8,Noe,4,false
29,Firulais,GATO,5,8,Noe,4,false
30,Firulais,GATO,5,9,Noe,4,true
31,Firulais,GATO,5,9,Noe,4,true
32,Firulais,GATO,5,12,Noe,4,false
33,Firulais,GATO,5,12,Noe,4,true
34,Gregorio,GATO,6,8,Noe,4,false
35,Gregorio,GATO,6,8,Noe,4,false
36,Gregorio,GATO,6,9,Noe,4,true
37,Gregorio,GATO,6,9,Noe,4,true
38,Gregorio,GATO,6,12,Noe,4,false
39,Gregorio,GATO,6,12,Noe,4,true
40,Gregorio,GATO,7,8,Noe,4,false
41,Gregorio,GATO,7,8,Noe,4,true
42,Gregorio,GATO,7,9,Noe,4,false
43,Gregorio,GATO,7,9,Noe,4,true
44,Gregorio,GATO,10,8,Noe,4,false
45,Gregorio,GATO,10,8,Noe,4,false
46,Gregorio,GATO,11,8,Noe,4,false
47,Gregorio,GATO,11,8,Noe,4,false
48,Gregorio,GATO,13,8,Noe,4,true
49,Gregorio,GATO,13,8,Noe,4,true
50,Gregorio,GATO,10,9,Noe,4,true
51,Gregorio,GATO,10,9,Noe,4,true
52,Gregorio,GATO,11,9,Noe,4,true
53,Gregorio,GATO,11,9,Noe,4,false
54,Gregorio,GATO,13,9,Noe,4,false
55,Gregorio,GATO,13,9,Noe,4,true
56,Gregorio,GATO,10,12,Noe,4,false
57,Gregorio,GATO,10,12,Noe,4,true
58,Gregorio,GATO,11,12,Noe,4,true
59,Gregorio,GATO,11,12,Noe,4,true
60,Firulais,GATO,1,20,Noe,5,false
61,Firulais,GATO,1,20,Noe,5,false
62,Firulais,GATO,1,23,Noe,5,true
63,Firulais,GATO,1,23,Noe,5,false
64,Firulais,GATO,1,24,Noe,5,false
65,Firulais,GATO,1,24,Noe,5,false
66,Firulais,GATO,1,27,Noe,5,false
67,Firulais,GATO,1,27,Noe,5,true
68,Firulais,GATO,1,28,Noe,5,true
69,Firulais,GATO,1,28,Noe,5,false
70,Firulais,GATO,1,29,Noe,5,true
71,Firulais,GATO,1,29,Noe,5,false
72,Firulais,GATO,1,32,Noe,5,true
73,Firulais,GATO,1,32,Noe,5,true
74,Firulais,GATO,1,34,Noe,5,false
75,Firulais,GATO,1,34,Noe,5,true
76,Firulais,GATO,1,35,Noe,5,true
77,Firulais,GATO,1,35,Noe,5,false
78,Firulais,GATO,1,38,Noe,5,false
79,Firulais,GATO,1,38,Noe,5,false
80,Firulais,GATO,1,40,Noe,5,false
81,Firulais,GATO,1,40,Noe,5,false
82,Firulais,GATO,1,42,Noe,5,true
83,Firulais,GATO,1,42,Noe,5,true
84,Firulais,GATO,1,44,Noe,5,true
85,Firulais,GATO,1,44,Noe,5,false
86,Firulais,GATO,1,45,Noe,5,true
87,Firulais,GATO,1,45,Noe,5,false
88,Firulais,GATO,1,46,Noe,5,true
89,Firulais,GATO,1,46,Noe,5,false
90,Firulais,GATO,1,47,Noe,5,false
91,Firulais,GATO,1,47,Noe,5,false
92,Firulais,GATO,1,53,Noe,5,false
93,Firulais,GATO,1,53,Noe,5,true
94,Firulais,GATO,1,54,Noe,5,true
95,Firulais,GATO,1,54,Noe,5,true
96,Firulais,GATO,1,56,Noe,5,true
97,Firulais,GATO,1,56,Noe,5,true
98,Firulais,GATO,15,2,Noe,5,false
99,Firulais,GATO,15,2,Noe,5,true
100,Firulais,GATO,16,2,Noe,5,false
101,Firulais,GATO,16,2,Noe,5,true
102,Firulais,GATO,17,2,Noe,5,true
103,Firulais,GATO,17,2,Noe,5,false
104,Firulais,GATO,19,2,Noe,5,true
105,Firulais,GATO,19,2,Noe,5,true
106,Gregorio,GATO,26,2,Noe,5,false
107,Gregorio,GATO,26,2,Noe,5,false
108,Firulais,GATO,30,2,Noe,5,false
109,Firulais,GATO,30,2,Noe,5,true
110,Firulais,GATO,31,2,Noe,5,false
111,Firulais,GATO,31,2,Noe,5,true
112,Firulais,GATO,33,2,Noe,5,false
113,Firulais,GATO,33,2,Noe,5,false
114,Gregorio,GATO,36,2,Noe,5,false
115,Gregorio,GATO,36,2,Noe,5,false
116,Gregorio,GATO,37,2,Noe,5,false
117,Gregorio,GATO,37,2,Noe,5,true
118,Gregorio,GATO,39,2,Noe,5,false
119,Gregorio,GATO,39,2,Noe,5,false
120,Gregorio,GATO,41,2,Noe,5,false
121,Gregorio,GATO,41,2,Noe,5,true
122,Gregorio,GATO,43,2,Noe,5,true
123,Gregorio,GATO,43,2,Noe,5,false
124,Gregorio,GATO,48,2,Noe,5,true
125,Gregorio,GATO,48,2,Noe,5,false
126,Gregorio,GATO,49,2,Noe,5,true
127,Gregorio,GATO,49,2,Noe,5,true
128,Gregorio,GATO,50,2,Noe,5,false
129,Gregorio,GATO,50,2,Noe,5,true
130,Gregorio,GATO,51,2,Noe,5,true
131,Gregorio,GATO,51,2,Noe,5,true
132,Gregorio,GATO,52,2,Noe,5,true
133,Gregorio,GATO,52,2,Noe,5,true
134,Gregorio,GATO,55,2,Noe,5,true
135,Gregorio,GATO,55,2,Noe,5,false
136,Gregorio,GATO,57,2,Noe,5,true
137,Gregorio,GATO,57,2,Noe,5,false
138,Gregorio,GATO,58,2,Noe,5,true
139,Gregorio,GATO,58,2,Noe,5,true
140,Gregorio,GATO,59,2,Noe,5,false
141,Gregorio,GATO,59,2,Noe,5,true
142,Gregorio,GATO,3,14,Noe,5,false
143,Gregorio,GATO,3,14,Noe,5,false
144,Gregorio,GATO,3,18,Noe,5,false
145,Gregorio,GATO,3,18,Noe,5,false
146,Gregorio,GATO,3,20,Noe,5,false
147,Gregorio,GATO,3,20,Noe,5,true
148,Gregorio,GATO,3,23,Noe,5,true
149,Gregorio,GATO,3,23,Noe,5,false
150,Gregorio,GATO,3,24,Noe,5,true
151,Gregorio,GATO,3,24,Noe,5,true
152,Gregorio,GATO,3,28,Noe,5,false
153,Gregorio,GATO,3,28,Noe,5,false
154,Gregorio,GATO,3,29,Noe,5,false
155,Gregorio,GATO,3,29,Noe,5,false
156,Gregorio,GATO,3,32,Noe,5,true
157,Gregorio,GATO,3,32,Noe,5,true
158,Gregorio,GATO,3,34,Noe,5,false
159,Gregorio,GATO,3,34,Noe,5,true
160,Gregorio,GATO,3,35,Noe,5,true
161,Gregorio,GATO,3,35,Noe,5,false
162,Gregorio,GATO,3,38,Noe,5,false
163,Gregorio,GATO,3,38,Noe,5,false
164,Gregorio,GATO,3,40,Noe,5,false
165,Gregorio,GATO,3,40,Noe,5,true
166,Gregorio,GATO,3,42,Noe,5,true
167,Gregorio,GATO,3,42,Noe,5,true
168,Gregorio,GATO,3,44,Noe,5,false
169,Gregorio,GATO,3,44,Noe,5,false
170,Gregorio,GATO,3,45,Noe,5,true
171,Gregorio,GATO,3,45,Noe,5,false
172,Gregorio,GATO,3,46,Noe,5,false
173,Gregorio,GATO,3,46,Noe,5,false
174,Gregorio,GATO,3,47,Noe,5,false
175,Gregorio,GATO,3,47,Noe,5,true
176,Gregorio,GATO,3,53,Noe,5,true
177,Gregorio,GATO,3,53,Noe,5,true
178,Gregorio,GATO,3,54,Noe,5,false
179,Gregorio,GATO,3,54,Noe,5,true
180,Gregorio,GATO,3,56,Noe,5,false
181,Gregorio,GATO,3,56,Noe,5,true
182,Firulais,GATO,15,4,Noe,5,false
183,Firulais,GATO,15,4,Noe,5,false
184,Firulais,GATO,16,4,Noe,5,true
185,Firulais,GATO,16,4,Noe,5,true
186,Firulais,GATO,17,4,Noe,5,false
187,Firulais,GATO,17,4,Noe,5,false
188,Firulais,GATO,19,4,Noe,5,false
189,Firulais,GATO,19,4,Noe,5,false
190,Gregorio,GATO,21,4,Noe,5,false
191,Gregorio,GATO,21,4,Noe,5,true
192,Gregorio,GATO,22,4,Noe,5,true
193,Gregorio,GATO,22,4,Noe,5,true
194,Gregorio,GATO,25,4,Noe,5,false
195,Gregorio,GATO,25,4,Noe,5,false
196,Gregorio,GATO,26,4,Noe,5,true
197,Gregorio,GATO,26,4,Noe,5,false
198,Firulais,GATO,30,4,Noe,5,false
199,Firulais,GATO,30,4,Noe,5,true
200,Firulais,GATO,31,4,Noe,5,false
201,Firulais,GATO,31,4,Noe,5,true
202,Firulais,GATO,33,4,Noe,5,true
203,Firulais,GATO,33,4,Noe,5,true
204,Gregorio,GATO,36,4,Noe,5,true
205,Gregorio,GATO,36,4,Noe,5,false
206,Gregorio,GATO,37,4,Noe,5,false
207,Gregorio,GATO,37,4,Noe,5,true
208,Gregorio,GATO,39,4,Noe,5,true
209,Gregorio,GATO,39,4,Noe,5,false
210,Gregorio,GATO,41,4,Noe,5,true
211,Gregorio,GATO,41,4,Noe,5,true
212,Gregorio,GATO,43,4,Noe,5,true
213,Gregorio,GATO,43,4,Noe,5,false
214,Gregorio,GATO,48,4,Noe,5,false
215,Gregorio,GATO,48,4,Noe,5,false
216,Gregorio,GATO,49,4,Noe,5,true
217,Gregorio,GATO,49,4,Noe,5,true
218,Gregorio,GATO,50,4,Noe,5,false
219,Gregorio,GATO,50,4,Noe,5,true
220,Gregorio,GATO,51,4,Noe,5,true
221,Gregorio,GATO,51,4,Noe,5,false
222,Gregorio,GATO,52,4,Noe,5,false
223,Gregorio,GATO,52,4,Noe,5,false
224,Gregorio,GATO,55,4,Noe,5,false
225,Gregorio,GATO,55,4,Noe,5,false
226,Gregorio,GATO,57,4,Noe,5,true
227,Gregorio,GATO,57,4,Noe,5,false
228,Gregorio,GATO,58,4,Noe,5,true
229,Gregorio,GATO,58,4,Noe,5,false
230,Gregorio,GATO,59,4,Noe,5,false
231,Gregorio,GATO,59,4,Noe,5,true
232,Firulais,GATO,5,14,Noe,5,true
233,Firulais,GATO,5,14,Noe,5,true
234,Firulais,GATO,5,18,Noe,5,true
235,Firulais,GATO,5,18,Noe,5,true
236,Firulais,GATO,5,20,Noe,5,true
237,Firulais,GATO,5,20,Noe,5,true
238,Firulais,GATO,5,23,Noe,5,true
239,Firulais,GATO,5,23,Noe,5,true
240,Firulais,GATO,5,24,Noe,5,true
241,Firulais,GATO,5,24,Noe,5,true
242,Firulais,GATO,5,27,Noe,5,false
243,Firulais,GATO,5,27,Noe,5,true
244,Firulais,GATO,5,34,Noe,5,true
245,Firulais,GATO,5,34,Noe,5,false
246,Firulais,GATO,5,35,Noe,5,true
247,Firulais,GATO,5,35,Noe,5,true
248,Firulais,GATO,5,38,Noe,5,false
249,Firulais,GATO,5,38,Noe,5,true
250,Firulais,GATO,5,40,Noe,5,false
251,Firulais,GATO,5,40,Noe,5,false
252,Firulais,GATO,5,42,Noe,5,false
253,Firulais,GATO,5,42,Noe,5,false
254,Firulais,GATO,5,44,Noe,5,true
255,Firulais,GATO,5,44,Noe,5,true
256,Firulais,GATO,5,45,Noe,5,true
257,Firulais,GATO,5,45,Noe,5,false
258,Firulais,GATO,5,46,Noe,5,false
259,Firulais,GATO,5,46,Noe,5,false
260,Firulais,GATO,5,47,Noe,5,true
261,Firulais,GATO,5,47,Noe,5,false
262,Firulais,GATO,5,53,Noe,5,true
263,Firulais,GATO,5,53,Noe,5,true
264,Firulais,GATO,5,54,Noe,5,false
265,Firulais,GATO,5,54,Noe,5,true
266,Firulais,GATO,5,56,Noe,5,true
267,Firulais,GATO,5,56,Noe,5,true
268,Gregorio,GATO,6,14,Noe,5,true
269,Gregorio,GATO,6,14,Noe,5,true
270,Gregorio,GATO,6,18,Noe,5,false
271,Gregorio,GATO,6,18,Noe,5,true
272,Gregorio,GATO,6,20,Noe,5,false
273,Gregorio,GATO,6,20,Noe,5,true
274,Gregorio,GATO,6,23,Noe,5,true
275,Gregorio,GATO,6,23,Noe,5,true
276,Gregorio,GATO,6,24,Noe,5,true
277,Gregorio,GATO,6,24,Noe,5,false
278,Gregorio,GATO,6,27,Noe,5,false
279,Gregorio,GATO,6,27,Noe,5,true
280,Gregorio,GATO,6,28,Noe,5,true
281,Gregorio,GATO,6,28,Noe,5,true
282,Gregorio,GATO,6,29,Noe,5,false
283,Gregorio,GATO,6,29,Noe,5,true
284,Gregorio,GATO,6,32,Noe,5,true
285,Gregorio,GATO,6,32,Noe,5,false
286,Gregorio,GATO,6,40,Noe,5,true
287,Gregorio,GATO,6,40,Noe,5,false
288,Gregorio,GATO,6,42,Noe,5,false
289,Gregorio,GATO,6,42,Noe,5,false
290,Gregorio,GATO,6,44,Noe,5,false
291,Gregorio,GATO,6,44,Noe,5,true
292,Gregorio,GATO,6,45,Noe,5,false
293,Gregorio,GATO,6,45,Noe,5,true
294,Gregorio,GATO,6,46,Noe,5,false
295,Gregorio,GATO,6,46,Noe,5,false
296,Gregorio,GATO,6,47,Noe,5,true
297,Gregorio,GATO,6,47,Noe,5,true
298,Gregorio,GATO,6,53,Noe,5,true
299,Gregorio,GATO,6,53,Noe,5,true
300,Gregorio,GATO,6,54,Noe,5,true
301,Gregorio,GATO,6,54,Noe,5,true
302,Gregorio,GATO,6,56,Noe,5,true
303,Gregorio,GATO,6,56,Noe,5,false
304,Gregorio,GATO,7,14,Noe,5,true
305,Gregorio,GATO,7,14,Noe,5,false
306,Gregorio,GATO,7,18,Noe,5,true
307,Gregorio,GATO,7,18,Noe,5,false
308,Gregorio,GATO,7,20,Noe,5,false
309,Gregorio,GATO,7,20,Noe,5,false
310,Gregorio,GATO,7,23,Noe,5,false
311,Gregorio,GATO,7,23,Noe,5,false
312,Gregorio,GATO,7,24,Noe,5,true
313,Gregorio,GATO,7,24,Noe,5,false
314,Gregorio,GATO,7,27,Noe,5,true
315,Gregorio,GATO,7,27,Noe,5,false
316,Gregorio,GATO,7,28,Noe,5,true
317,Gregorio,GATO,7,28,Noe,5,false
318,Gregorio,GATO,7,29,Noe,5,true
319,Gregorio,GATO,7,29,Noe,5,true
320,Gregorio,GATO,7,32,Noe,5,false
321,Gregorio,GATO,7,32,Noe,5,true
322,Gregorio,GATO,7,34,Noe,5,true
323,Gregorio,GATO,7,34,Noe,5,true
324,Gregorio,GATO,7,35,Noe,5,true
325,Gregorio,GATO,7,35,Noe,5,true
326,Gregorio,GATO,7,38,Noe,5,true
327,Gregorio,GATO,7,38,Noe,5,false
328,Gregorio,GATO,7,44,Noe,5,true
329,Gregorio,GATO,7,44,Noe,5,false
330,Gregorio,GATO,7,45,Noe,5,false
331,Gregorio,GATO,7,45,Noe,5,true
332,Gregorio,GATO,7,46,Noe,5,false
333,Gregorio,GATO,7,46,Noe,5,true
334,Gregorio,GATO,7,47,Noe,5,false
335,Gregorio,GATO,7,47,Noe,5,true
336,Gregorio,GATO,7,53,Noe,5,false
337,Gregorio,GATO,7,53,Noe,5,true
338,Gregorio,GATO,7,54,Noe,5,false
339,Gregorio,GATO,7,54,Noe,5,false
340,Gregorio,GATO,7,56,Noe,5,true
341,Gregorio,GATO,7,56,Noe,5,false
342,Firulais,GATO,16,8,Noe,5,false
343,Firulais,GATO,16,8,Noe,5,true
344,Firulais,GATO,17,8,Noe,5,true
345,Firulais,GATO,17,8,Noe,5,false
346,Firulais,GATO,19,8,Noe,5,true
347,Firulais,GATO,19,8,Noe,5,false
348,Gregorio,GATO,21,8,Noe,5,false
349,Gregorio,GATO,21,8,Noe,5,false
350,Gregorio,GATO,22,8,Noe,5,true
351,Gregorio,GATO,22,8,Noe,5,false
352,Gregorio,GATO,25,8,Noe,5,false
353,Gregorio,GATO,25,8,Noe,5,false
354,Gregorio,GATO,26,8,Noe,5,false
355,Gregorio,GATO,26,8,Noe,5,false
356,Firulais,GATO,30,8,Noe,5,true
357,Firulais,GATO,30,8,Noe,5,true
358,Firulais,GATO,31,8,Noe,5,false
359,Firulais,GATO,31,8,Noe,5,false
360,Firulais,GATO,33,8,Noe,5,true
361,Firulais,GATO,33,8,Noe,5,false
362,Gregorio,GATO,36,8,Noe,5,true
363,Gregorio,GATO,36,8,Noe,5,true
364,Gregorio,GATO,37,8,Noe,5,false
365,Gregorio,GATO,37,8,Noe,5,false
366,Gregorio,GATO,39,8,Noe,5,false
367,Gregorio,GATO,39,8,Noe,5,true
368,Gregorio,GATO,43,8,Noe,5,true
369,Gregorio,GATO,43,8,Noe,5,true
370,Gregorio,GATO,50,8,Noe,5,false
371,Gregorio,GATO,50,8,Noe,5,true
372,Gregorio,GATO,51,8,Noe,5,true
373,Gregorio,GATO,51,8,Noe,5,true
374,Gregorio,GATO,52,8,Noe,5,true
375,Gregorio,GATO,52,8,Noe,5,false
376,Gregorio,GATO,55,8,Noe,5,true
377,Gregorio,GATO,55,8,Noe,5,true
378,Gregorio,GATO,57,8,Noe,5,true
379,Gregorio,GATO,57,8,Noe,5,true
380,Gregorio,GATO,58,8,Noe,5,false
381,Gregorio,GATO,58,8,Noe,5,false
382,Gregorio,GATO,59,8,Noe,5,true
383,Gregorio,GATO,59,8,Noe,5,true
384,Firulais,GATO,15,9,Noe,5,true
385,Firulais,GATO,15,9,Noe,5,false
386,Firulais,GATO,19,9,Noe,5,false
387,Firulais,GATO,19,9,Noe,5,false
388,Gregorio,GATO,21,9,Noe,5,false
389,Gregorio,GATO,21,9,Noe,5,false
390,Gregorio,GATO,22,9,Noe,5,true
391,Gregorio,GATO,22,9,Noe,5,false
392,Gregorio,GATO,25,9,Noe,5,false
393,Gregorio,GATO,25,9,Noe,5,false
394,Gregorio,GATO,26,9,Noe,5,false
395,Gregorio,GATO,26,9,Noe,5,false
396,Firulais,GATO,33,9,Noe,5,false
397,Firulais,GATO,33,9,Noe,5,false
398,Gregorio,GATO,39,9,Noe,5,true
399,Gregorio,GATO,39,9,Noe,5,true
400,Gregorio,GATO,41,9,Noe,5,false
401,Gregorio,GATO,41,9,Noe,5,false
402,Gregorio,GATO,48,9,Noe,5,false
403,Gregorio,GATO,48,9,Noe,5,true
404,Gregorio,GATO,49,9,Noe,5,true
405,Gregorio,GATO,49,9,Noe,5,true
406,Gregorio,GATO,57,9,Noe,5,false
407,Gregorio,GATO,57,9,Noe,5,true
408,Gregorio,GATO,58,9,Noe,5,false
409,Gregorio,GATO,58,9,Noe,5,false
410,Gregorio,GATO,59,9,Noe,5,false
411,Gregorio,GATO,59,9,Noe,5,true
412,Gregorio,GATO,10,14,Noe,5,false
413,Gregorio,GATO,10,14,Noe,5,true
414,Gregorio,GATO,10,18,Noe,5,false
415,Gregorio,GATO,10,18,Noe,5,false
416,Gregorio,GATO,10,23,Noe,5,false
417,Gregorio,GATO,10,23,Noe,5,true
418,Gregorio,GATO,10,24,Noe,5,false
419,Gregorio,GATO,10,24,Noe,5,false
420,Gregorio,GATO,10,27,Noe,5,false
421,Gregorio,GATO,10,27,Noe,5,false
422,Gregorio,GATO,10,28,Noe,5,true
423,Gregorio,GATO,10,28,Noe,5,false
424,Gregorio,GATO,10,29,Noe,5,false
425,Gregorio,GATO,10,29,Noe,5,true
426,Gregorio,GATO,10,32,Noe,5,true
427,Gregorio,GATO,10,32,Noe,5,false
428,Gregorio,GATO,10,34,Noe,5,true
429,Gregorio,GATO,10,34,Noe,5,false
430,Gregorio,GATO,10,35,Noe,5,true
431,Gregorio,GATO,10,35,Noe,5,false
432,Gregorio,GATO,10,38,Noe,5,false
433,Gregorio,GATO,10,38,Noe,5,false
434,Gregorio,GATO,10,40,Noe,5,false
435,Gregorio,GATO,10,40,Noe,5,true
436,Gregorio,GATO,10,42,Noe,5,true
437,Gregorio,GATO,10,42,Noe,5,false
438,Gregorio,GATO,10,46,Noe,5,false
439,Gregorio,GATO,10,46,Noe,5,true
440,Gregorio,GATO,10,47,Noe,5,false
441,Gregorio,GATO,10,47,Noe,5,false
442,Gregorio,GATO,10,53,Noe,5,true
443,Gregorio,GATO,10,53,Noe,5,true
444,Gregorio,GATO,10,54,Noe,5,false
445,Gregorio,GATO,10,54,Noe,5,false
446,Gregorio,GATO,11,14,Noe,5,true
447,Gregorio,GATO,11,14,Noe,5,true
448,Gregorio,GATO,11,18,Noe,5,false
449,Gregorio,GATO,11,18,Noe,5,false
450,Gregorio,GATO,11,20,Noe,5,false
451,Gregorio,GATO,11,20,Noe,5,false
452,Gregorio,GATO,11,24,Noe,5,false
453,Gregorio,GATO,11,24,Noe,5,false
454,Gregorio,GATO,11,27,Noe,5,true
455,Gregorio,GATO,11,27,Noe,5,true
456,Gregorio,GATO,11,28,Noe,5,false
457,Gregorio,GATO,11,28,Noe,5,true
458,Gregorio,GATO,11,29,Noe,5,false
459,Gregorio,GATO,11,29,Noe,5,true
460,Gregorio,GATO,11,32,Noe,5,false
461,Gregorio,GATO,11,32,Noe,5,true
462,Gregorio,GATO,11,34,Noe,5,false
463,Gregorio,GATO,11,34,Noe,5,true
464,Gregorio,GATO,11,35,Noe,5,true
465,Gregorio,GATO,11,35,Noe,5,true
466,Gregorio,GATO,11,38,Noe,5,true
467,Gregorio,GATO,11,38,Noe,5,true
468,Gregorio,GATO,11,40,Noe,5,true
469,Gregorio,GATO,11,40,Noe,5,false
470,Gregorio,GATO,11,42,Noe,5,true
471,Gregorio,GATO,11,42,Noe,5,true
472,Gregorio,GATO,11,44,Noe,5,true
473,Gregorio,GATO,11,44,Noe,5,true
474,Gregorio,GATO,11,45,Noe,5,false
475,Gregorio,GATO,11,45,Noe,5,false
476,Gregorio,GATO,11,54,Noe,5,false
477,Gregorio,GATO,11,54,Noe,5,true
478,Gregorio,GATO,11,56,Noe,5,true
479,Gregorio,GATO,11,56,Noe,5,true
480,Firulais,GATO,15,12,Noe,5,false
481,Firulais,GATO,15,12,Noe,5,false
482,Firulais,GATO,16,12,Noe,5,true
483,Firulais,GATO,16,12,Noe,5,true
484,Firulais,GATO,17,12,Noe,5,false
485,Firulais,GATO,17,12,Noe,5,false
486,Gregorio,GATO,21,12,Noe,5,false
487,Gregorio,GATO,21,12,Noe,5,false
488,Gregorio,GATO,22,12,Noe,5,true
489,Gregorio,GATO,22,12,Noe,5,false
490,Gregorio,GATO,25,12,Noe,5,true
491,Gregorio,GATO,25,12,Noe,5,false
492,Firulais,GATO,30,12,Noe,5,false
493,Firulais,GATO,30,12,Noe,5,false
494,Firulais,GATO,31,12,Noe,5,true
495,Firulais,GATO,31,12,Noe,5,true
496,Gregorio,GATO,36,12,Noe,5,true
497,Gregorio,GATO,36,12,Noe,5,true
498,Gregorio,GATO,37,12,Noe,5,true
499,Gregorio,GATO,37,12,Noe,5,true
500,Gregorio,GATO,41,12,Noe,5,false
501,Gregorio,GATO,41,12,Noe,5,true
502,Gregorio,GATO,43,12,Noe,5,true
503,Gregorio,GATO,43,12,Noe,5,true
504,Gregorio,GATO,48,12,Noe,5,false
505,Gregorio,GATO,48,12,Noe,5,true
506,Gregorio,GATO,49,12,Noe,5,false
507,Gregorio,GATO,49,12,Noe,5,true
508,Gregorio,GATO,50,12,Noe,5,true
509,Gregorio,GATO,50,12,Noe,5,true
510,Gregorio,GATO,51,12,Noe,5,true
511,Gregorio,GATO,51,12,Noe,5,false
512,Gregorio,GATO,52,12,Noe,5,true
513,Gregorio,GATO,52,12,Noe,5,false
514,Gregorio,GATO,55,12,Noe,5,false
515,Gregorio,GATO,55,12,Noe,5,false
516,Gregorio,GATO,13,14,Noe,5,true
517,Gregorio,GATO,13,14,Noe,5,true
518,Gregorio,GATO,13,18,Noe,5,true
519,Gregorio,GATO,13,18,Noe,5,false
520,Gregorio,GATO,13,20,Noe,5,false
521,Gregorio,GATO,13,20,Noe,5,true
522,Gregorio,GATO,13,23,Noe,5,false
523,Gregorio,GATO,13,23,Noe,5,false
524,Gregorio,GATO,13,27,Noe,5,true
525,Gregorio,GATO,13,27,Noe,5,true
526,Gregorio,GATO,13,28,Noe,5,false
527,Gregorio,GATO,13,28,Noe,5,true
528,Gregorio,GATO,13,29,Noe,5,true
529,Gregorio,GATO,13,29,Noe,5,true
530,Gregorio,GATO,13,32,Noe,5,true
531,Gregorio,GATO,13,32,Noe,5,false
532,Gregorio,GATO,13,34,Noe,5,false
533,Gregorio,GATO,13,34,Noe,5,false
534,Gregorio,GATO,13,35,Noe,5,false
535,Gregorio,GATO,13,35,Noe,5,false
536,Gregorio,GATO,13,38,Noe,5,true
537,Gregorio,GATO,13,38,Noe,5,true
538,Gregorio,GATO,13,40,Noe,5,true
539,Gregorio,GATO,13,40,Noe,5,false
540,Gregorio,GATO,13,42,Noe,5,false
541,Gregorio,GATO,13,42,Noe,5,true
542,Gregorio,GATO,13,44,Noe,5,false
543,Gregorio,GATO,13,44,Noe,5,true
544,Gregorio,GATO,13,45,Noe,5,true
545,Gregorio,GATO,13,45,Noe,5,false
546,Gregorio,GATO,13,46,Noe,5,true
547,Gregorio,GATO,13,46,Noe,5,false
548,Gregorio,GATO,13,47,Noe,5,true
549,Gregorio,GATO,13,47,Noe,5,true
550,Gregorio,GATO,13,53,Noe,5,true
551,Gregorio,GATO,13,53,Noe,5,true
552,Gregorio,GATO,13,56,Noe,5,false
553,Gregorio,GATO,13,56,Noe,5,false
554,Firulais,GATO,16,14,Noe,5,false
555,Firulais,GATO,16,14,Noe,5,true
556,Firulais,GATO,17,14,Noe,5,false
557,Firulais,GATO,17,14,Noe,5,true
558,Firulais,GATO,19,14,Noe,5,true
559,Firulais,GATO,19,14,Noe,5,true
560,Gregorio,GATO,21,14,Noe,5,false
561,Gregorio,GATO,21,14,Noe,5,false
562,Gregorio,GATO,22,14,Noe,5,true
563,Gregorio,GATO,22,14,Noe,5,true
564,Gregorio,GATO,25,14,Noe,5,false
565,Gregorio,GATO,25,14,Noe,5,false
566,Gregorio,GATO,26,14,Noe,5,true
567,Gregorio,GATO,26,14,Noe,5,true
568,Firulais,GATO,30,14,Noe,5,true
569,Firulais,GATO,30,14,Noe,5,true
570,Firulais,GATO,31,14,Noe,5,true
571,Firulais,GATO,31,14,Noe,5,true
572,Firulais,GATO,33,14,Noe,5,true
573,Firulais,GATO,33,14,Noe,5,true
574,Gregorio,GATO,36,14,Noe,5,true
575,Gregorio,GATO,36,14,Noe,5,true
576,Gregorio,GATO,37,14,Noe,5,false
577,Gregorio,GATO,37,14,Noe,5,true
578,Gregorio,GATO,39,14,Noe,5,true
579,Gregorio,GATO,39,14,Noe,5,true
580,Gregorio,GATO,41,14,Noe,5,false
581,Gregorio,GATO,41,14,Noe,5,false
582,Gregorio,GATO,43,14,Noe,5,false
583,Gregorio,GATO,43,14,Noe,5,true
584,Gregorio,GATO,48,14,Noe,5,true
585,Gregorio,GATO,48,14,Noe,5,false
586,Gregorio,GATO,49,14,Noe,5,false
587,Gregorio,GATO,49,14,Noe,5,true
588,Gregorio,GATO,50,14,Noe,5,true
589,Gregorio,GATO,50,14,Noe,5,false
590,Gregorio,GATO,51,14,Noe,5,true
591,Gregorio,GATO,51,14,Noe,5,false
592,Gregorio,GATO,52,14,Noe,5,true
593,Gregorio,GATO,52,14,Noe,5,true
594,Gregorio,GATO,55,14,Noe,5,true
595,Gregorio,GATO,55,14,Noe,5,false
596,Gregorio,GATO,57,14,Noe,5,false
597,Gregorio,GATO,57,14,Noe,5,true
598,Gregorio,GATO,58,14,Noe,5,true
599,Gregorio,GATO,58,14,Noe,5,true
600,Gregorio,GATO,59,14,Noe,5,true
601,Gregorio,GATO,59,14,Noe,5,false
602,Firulais,GATO,15,18,Noe,5,false
603,Firulais,GATO,15,18,Noe,5,true
604,Firulais,GATO,15,20,Noe,5,true
605,Firulais,GATO,15,20,Noe,5,true
606,Firulais,GATO,15,23,Noe,5,false
607,Firulais,GATO,15,23,Noe,5,true
608,Firulais,GATO,15,24,Noe,5,false
609,Firulais,GATO,15,24,Noe,5,true
610,Firulais,GATO,15,27,Noe,5,false
611,Firulais,GATO,15,27,Noe,5,false
612,Firulais,GATO,15,28,Noe,5,false
613,Firulais,GATO,15,28,Noe,5,true
614,Firulais,GATO,15,29,Noe,5,false
615,Firulais,GATO,15,29,Noe,5,false
616,Firulais,GATO,15,32,Noe,5,false
617,Firulais,GATO,15,32,Noe,5,true
618,Firulais,GATO,15,34,Noe,5,false
619,Firulais,GATO,15,34,Noe,5,false
620,Firulais,GATO,15,35,Noe,5,false
621,Firulais,GATO,15,35,Noe,5,true
622,Firulais,GATO,15,38,Noe,5,false
623,Firulais,GATO,15,38,Noe,5,true
624,Firulais,GATO,15,40,Noe,5,false
625,Firulais,GATO,15,40,Noe,5,false
626,Firulais,GATO,15,42,Noe,5,false
627,Firulais,GATO,15,42,Noe,5,false
628,Firulais,GATO,15,44,Noe,5,true
629,Firulais,GATO,15,44,Noe,5,true
630,Firulais,GATO,15,45,Noe,5,true
631,Firulais,GATO,15,45,Noe,5,false
632,Firulais,GATO,15,46,Noe,5,true
633,Firulais,GATO,15,46,Noe,5,false
634,Firulais,GATO,15,47,Noe,5,false
635,Firulais,GATO,15,47,Noe,5,false
636,Firulais,GATO,15,53,Noe,5,true
637,Firulais,GATO,15,53,Noe,5,true
638,Firulais,GATO,15,54,Noe,5,true
639,Firulais,GATO,15,54,Noe,5,false
640,Firulais,GATO,15,56,Noe,5,false
641,Firulais,GATO,15,56,Noe,5,false
642,Firulais,GATO,16,18,Noe,5,false
643,Firulais,GATO,16,18,Noe,5,false
644,Firulais,GATO,16,20,Noe,5,true
645,Firulais,GATO,16,20,Noe,5,true
646,Firulais,GATO,16,23,Noe,5,false
647,Firulais,GATO,16,23,Noe,5,true
648,Firulais,GATO,16,24,Noe,5,false
649,Firulais,GATO,16,24,Noe,5,false
650,Firulais,GATO,16,27,Noe,5,false
651,Firulais,GATO,16,27,Noe,5,true
652,Firulais,GATO,16,28,Noe,5,true
653,Firulais,GATO,16,28,Noe,5,false
654,Firulais,GATO,16,29,Noe,5,true
655,Firulais,GATO,16,29,Noe,5,false
656,Firulais,GATO,16,32,Noe,5,false
657,Firulais,GATO,16,32,Noe,5,false
658,Firulais,GATO,16,34,Noe,5,true
659,Firulais,GATO,16,34,Noe,5,true
660,Firulais,GATO,16,35,Noe,5,true
661,Firulais,GATO,16,35,Noe,5,true
662,Firulais,GATO,16,38,Noe,5,true
663,Firulais,GATO,16,38,Noe,5,false
664,Firulais,GATO,16,40,Noe,5,true
665,Firulais,GATO,16,40,Noe,5,true
666,Firulais,GATO,16,42,Noe,5,true
667,Firulais,GATO,16,42,Noe,5,false
668,Firulais,GATO,16,44,Noe,5,true
669,Firulais,GATO,16,44,Noe,5,true
670,Firulais,GATO,16,45,Noe,5,false
671,Firulais,GATO,16,45,Noe,5,true
672,Firulais,GATO,16,46,Noe,5,false
673,Firulais,GATO,16,46,Noe,5,true
674,Firulais,GATO,16,47,Noe,5,false
675,Firulais,GATO,16,47,Noe,5,true
676,Firulais,GATO,16,53,Noe,5,false
677,Firulais,GATO,16,53,Noe,5,false
678,Firulais,GATO,16,54,Noe,5,false
679,Firulais,GATO,16,54,Noe,5,true
680,Firulais,GATO,16,56,Noe,5,false
681,Firulais,GATO,16,56,Noe,5,true
682,Firulais,GATO,17,18,Noe,5,true
683,Firulais,GATO,17,18,Noe,5,false
684,Firulais,GATO,17,20,Noe,5,false
685,Firulais,GATO,17,20,Noe,5,false
686,Firulais,GATO,17,23,Noe,5,true
687,Firulais,GATO,17,23,Noe,5,true
688,Firulais,GATO,17,24,Noe,5,false
689,Firulais,GATO,17,24,Noe,5,true
690,Firulais,GATO,17,27,Noe,5,false
691,Firulais,GATO,17,27,Noe,5,true
692,Firulais,GATO,17,28,Noe,5,false
693,Firulais,GATO,17,28,Noe,5,false
694,Firulais,GATO,17,29,Noe,5,false
695,Firulais,GATO,17,29,Noe,5,false
696,Firulais,GATO,17,32,Noe,5,false
697,Firulais,GATO,17,32,Noe,5,true
698,Firulais,GATO,17,34,Noe,5,false
699,Firulais,GATO,17,34,Noe,5,false
700,Firulais,GATO,17,35,Noe,5,true
701,Firulais,GATO,17,35,Noe,5,false
702,Firulais,GATO,17,38,Noe,5,true
703,Firulais,GATO,17,38,Noe,5,true
704,Firulais,GATO,17,40,Noe,5,false
705,Firulais,GATO,17,40,Noe,5,false
706,Firulais,GATO,17,42,Noe,5,true
707,Firulais,GATO,17,42,Noe,5,true
708,Firulais,GATO,17,44,Noe,5,false
709,Firulais,GATO,17,44,Noe,5,false
710,Firulais,GATO,17,45,Noe,5,true
711,Firulais,GATO,17,45,Noe,5,true
712,Firulais,GATO,17,46,Noe,5,false
713,Firulais,GATO,17,46,Noe,5,true
714,Firulais,GATO,17,47,Noe,5,false
715,Firulais,GATO,17,47,Noe,5,true
716,Firulais,GATO,17,53,Noe,5,true
717,Firulais,GATO,17,53,Noe,5,true
718,Firulais,GATO,17,54,Noe,5,false
719,Firulais,GATO,17,54,Noe,5,true
720,Firulais,GATO,17,56,Noe,5,true
721,Firulais,GATO,17,56,Noe,5,false
722,Gregorio,GATO,21,18,Noe,5,false
723,Gregorio,GATO,21,18,Noe,5,true
724,Gregorio,GATO,22,18,Noe,5,true
725,Gregorio,GATO,22,18,Noe,5,false
726,Gregorio,GATO,25,18,Noe,5,true
727,Gregorio,GATO,25,18,Noe,5,true
728,Gregorio,GATO,26,18,Noe,5,false
729,Gregorio,GATO,26,18,Noe,5,false
730,Firulais,GATO,30,18,Noe,5,true
731,Firulais,GATO,30,18,Noe,5,true
732,Firulais,GATO,31,18,Noe,5,false
733,Firulais,GATO,31,18,Noe,5,true
734,Firulais,GATO,33,18,Noe,5,true
735,Firulais,GATO,33,18,Noe,5,false
736,Gregorio,GATO,36,18,Noe,5,false
737,Gregorio,GATO,36,18,Noe,5,false
738,Gregorio,GATO,37,18,Noe,5,false
739,Gregorio,GATO,37,18,Noe,5,false
740,Gregorio,GATO,39,18,Noe,5,false
741,Gregorio,GATO,39,18,Noe,5,true
742,Gregorio,GATO,41,18,Noe,5,false
743,Gregorio,GATO,41,18,Noe,5,false
744,Gregorio,GATO,43,18,Noe,5,true
745,Gregorio,GATO,43,18,Noe,5,true
746,Gregorio,GATO,48,18,Noe,5,true
747,Gregorio,GATO,48,18,Noe,5,true
748,Gregorio,GATO,49,18,Noe,5,true
749,Gregorio,GATO,49,18,Noe,5,false
750,Gregorio,GATO,50,18,Noe,5,true
751,Gregorio,GATO,50,18,Noe,5,true
752,Gregorio,GATO,51,18,Noe,5,true
753,Gregorio,GATO,51,18,Noe,5,false
754,Gregorio,GATO,52,18,Noe,5,false
755,Gregorio,GATO,52,18,Noe,5,true
756,Gregorio,GATO,55,18,Noe,5,false
757,Gregorio,GATO,55,18,Noe,5,true
758,Gregorio,GATO,57,18,Noe,5,true
759,Gregorio,GATO,57,18,Noe,5,false
760,Gregorio,GATO,58,18,Noe,5,true
761,Gregorio,GATO,58,18,Noe,5,false
762,Gregorio,GATO,59,18,Noe,5,true
763,Gregorio,GATO,59,18,Noe,5,false
764,Firulais,GATO,19,20,Noe,5,false
765,Firulais,GATO,19,20,Noe,5,true
766,Firulais,GATO,19,23,Noe,5,true
767,Firulais,GATO,19,23,Noe,5,true
768,Firulais,GATO,19,24,Noe,5,true
769,Firulais,GATO,19,24,Noe,5,false
770,Firulais,GATO,19,27,Noe,5,false
771,Firulais,GATO,19,27,Noe,5,false
772,Firulais,GATO,19,28,Noe,5,false
773,Firulais,GATO,19,28,Noe,5,true
774,Firulais,GATO,19,29,Noe,5,true
775,Firulais,GATO,19,29,Noe,5,true
776,Firulais,GATO,19,32,Noe,5,false
777,Firulais,GATO,19,32,Noe,5,true
778,Firulais,GATO,19,34,Noe,5,true
779,Firulais,GATO,19,34,Noe,5,true
780,Firulais,GATO,19,35,Noe,5,true
781,Firulais,GATO,19,35,Noe,5,true
782,Firulais,GATO,19,38,Noe,5,true
783,Firulais,GATO,19,38,Noe,5,true
784,Firulais,GATO,19,40,Noe,5,true
785,Firulais,GATO,19,40,Noe,5,false
786,Firulais,GATO,19,42,Noe,5,true
787,Firulais,GATO,19,42,Noe,5,false
788,Firulais,GATO,19,44,Noe,5,false
789,Firulais,GATO,19,44,Noe,5,true
790,Firulais,GATO,19,45,Noe,5,true
791,Firulais,GATO,19,45,Noe,5,false
792,Firulais,GATO,19,46,Noe,5,true
793,Firulais,GATO,19,46,Noe,5,true
794,Firulais,GATO,19,47,Noe,5,false
795,Firulais,GATO,19,47,Noe,5,true
796,Firulais,GATO,19,53,Noe,5,true
797,Firulais,GATO,19,53,Noe,5,true
798,Firulais,GATO,19,54,Noe,5,true
799,Firulais,GATO,19,54,Noe,5,true
800,Firulais,GATO,19,56,Noe,5,true
801,Firulais,GATO,19,56,Noe,5,true
802,Gregorio,GATO,22,20,Noe,5,true
803,Gregorio,GATO,22,20,Noe,5,false
804,Gregorio,GATO,25,20,Noe,5,false
805,Gregorio,GATO,25,20,Noe,5,true
806,Gregorio,GATO,26,20,Noe,5,false
807,Gregorio,GATO,26,20,Noe,5,false
808,Firulais,GATO,30,20,Noe,5,false
809,Firulais,GATO,30,20,Noe,5,false
810,Firulais,GATO,31,20,Noe,5,true
811,Firulais,GATO,31,20,Noe,5,true
812,Firulais,GATO,33,20,Noe,5,true
813,Firulais,GATO,33,20,Noe,5,false
814,Gregorio,GATO,36,20,Noe,5,true
815,Gregorio,GATO,36,20,Noe,5,true
816,Gregorio,GATO,37,20,Noe,5,false
817,Gregorio,GATO,37,20,Noe,5,false
818,Gregorio,GATO,39,20,Noe,5,false
819,Gregorio,GATO,39,20,Noe,5,false
820,Gregorio,GATO,41,20,Noe,5,true
821,Gregorio,GATO,41,20,Noe,5,false
822,Gregorio,GATO,43,20,Noe,5,false
823,Gregorio,GATO,43,20,Noe,5,false
824,Gregorio,GATO,48,20,Noe,5,false
825,Gregorio,GATO,48,20,Noe,5,false
826,Gregorio,GATO,49,20,Noe,5,true
827,Gregorio,GATO,49,20,Noe,5,false
828,Gregorio,GATO,50,20,Noe,5,true
829,Gregorio,GATO,50,20,Noe,5,true
830,Gregorio,GATO,51,20,Noe,5,true
831,Gregorio,GATO,51,20,Noe,5,true
832,Gregorio,GATO,52,20,Noe,5,false
833,Gregorio,GATO,52,20,Noe,5,true
834,Gregorio,GATO,55,20,Noe,5,false
835,Gregorio,GATO,55,20,Noe,5,true
836,Gregorio,GATO,57,20,Noe,5,true
837,Gregorio,GATO,57,20,Noe,5,true
838,Gregorio,GATO,58,20,Noe,5,true
839,Gregorio,GATO,58,20,Noe,5,false
840,Gregorio,GATO,59,20,Noe,5,true
841,Gregorio,GATO,59,20,Noe,5,true
842,Gregorio,GATO,21,23,Noe,5,false
843,Gregorio,GATO,21,23,Noe,5,true
844,Gregorio,GATO,21,24,Noe,5,false
845,Gregorio,GATO,21,24,Noe,5,true
846,Gregorio,GATO,21,27,Noe,5,true
847,Gregorio,GATO,21,27,Noe,5,true
848,Gregorio,GATO,21,28,Noe,5,false
849,Gregorio,GATO,21,28,Noe,5,false
850,Gregorio,GATO,21,29,Noe,5,true
851,Gregorio,GATO,21,29,Noe,5,true
852,Gregorio,GATO,21,32,Noe,5,false
853,Gregorio,GATO,21,32,Noe,5,true
854,Gregorio,GATO,21,34,Noe,5,false
855,Gregorio,GATO,21,34,Noe,5,true
856,Gregorio,GATO,21,35,Noe,5,false
857,Gregorio,GATO,21,35,Noe,5,true
858,Gregorio,GATO,21,38,Noe,5,false
859,Gregorio,GATO,21,38,Noe,5,true
860,Gregorio,GATO,21,40,Noe,5,false
861,Gregorio,GATO,21,40,Noe,5,false
862,Gregorio,GATO,21,42,Noe,5,false
863,Gregorio,GATO,21,42,Noe,5,false
864,Gregorio,GATO,21,44,Noe,5,true
865,Gregorio,GATO,21,44,Noe,5,false
866,Gregorio,GATO,21,45,Noe,5,false
867,Gregorio,GATO,21,45,Noe,5,true
868,Gregorio,GATO,21,46,Noe,5,true
869,Gregorio,GATO,21,46,Noe,5,true
870,Gregorio,GATO,21,47,Noe,5,false
871,Gregorio,GATO,21,47,Noe,5,false
872,Gregorio,GATO,21,53,Noe,5,true
873,Gregorio,GATO,21,53,Noe,5,true
874,Gregorio,GATO,21,54,Noe,5,false
875,Gregorio,GATO,21,54,Noe,5,true
876,Gregorio,GATO,21,56,Noe,5,false
877,Gregorio,GATO,21,56,Noe,5,false
878,Gregorio,GATO,22,24,Noe,5,false
879,Gregorio,GATO,22,24,Noe,5,false
880,Gregorio,GATO,22,27,Noe,5,false
881,Gregorio,GATO,22,27,Noe,5,true
882,Gregorio,GATO,22,28,Noe,5,true
883,Gregorio,GATO,22,28,Noe,5,true
884,Gregorio,GATO,22,29,Noe,5,false
885,Gregorio,GATO,22,29,Noe,5,true
886,Gregorio,GATO,22,32,Noe,5,false
887,Gregorio,GATO,22,32,Noe,5,false
888,Gregorio,GATO,22,34,Noe,5,true
889,Gregorio,GATO,22,34,Noe,5,true
890,Gregorio,GATO,22,35,Noe,5,false
891,Gregorio,GATO,22,35,Noe,5,false
892,Gregorio,GATO,22,38,Noe,5,true
893,Gregorio,GATO,22,38,Noe,5,false
894,Gregorio,GATO,22,40,Noe,5,true
895,Gregorio,GATO,22,40,Noe,5,false
896,Gregorio,GATO,22,42,Noe,5,false
897,Gregorio,GATO,22,42,Noe,5,true
898,Gregorio,GATO,22,44,Noe,5,false
899,Gregorio,GATO,22,44,Noe,5,false
900,Gregorio,GATO,22,45,Noe,5,false
901,Gregorio,GATO,22,45,Noe,5,false
902,Gregorio,GATO,22,46,Noe,5,false
903,Gregorio,GATO,22,46,Noe,5,true
904,Gregorio,GATO,22,47,Noe,5,true
905,Gregorio,GATO,22,47,Noe,5,false
906,Gregorio,GATO,22,53,Noe,5,false
907,Gregorio,GATO,22,53,Noe,5,true
908,Gregorio,GATO,22,54,Noe,5,false
909,Gregorio,GATO,22,54,Noe,5,false
910,Gregorio,GATO,22,56,Noe,5,true
911,Gregorio,GATO,22,56,Noe,5,true
912,Gregorio,GATO,25,23,Noe,5,true
913,Gregorio,GATO,25,23,Noe,5,false
914,Gregorio,GATO,26,23,Noe,5,true
915,Gregorio,GATO,26,23,Noe,5,true
916,Firulais,GATO,30,23,Noe,5,false
917,Firulais,GATO,30,23,Noe,5,true
918,Firulais,GATO,31,23,Noe,5,false
919,Firulais,GATO,31,23,Noe,5,false
920,Firulais,GATO,33,23,Noe,5,false
921,Firulais,GATO,33,23,Noe,5,true
922,Gregorio,GATO,36,23,Noe,5,false
923,Gregorio,GATO,36,23,Noe,5,false
924,Gregorio,GATO,37,23,Noe,5,true
925,Gregorio,GATO,37,23,Noe,5,false
926,Gregorio,GATO,39,23,Noe,5,true
927,Gregorio,GATO,39,23,Noe,5,false
928,Gregorio,GATO,41,23,Noe,5,true
929,Gregorio,GATO,41,23,Noe,5,true
930,Gregorio,GATO,43,23,Noe,5,false
931,Gregorio,GATO,43,23,Noe,5,false
932,Gregorio,GATO,48,23,Noe,5,false
933,Gregorio,GATO,48,23,Noe,5,false
934,Gregorio,GATO,49,23,Noe,5,true
935,Gregorio,GATO,49,23,Noe,5,true
936,Gregorio,GATO,50,23,Noe,5,true
937,Gregorio,GATO,50,23,Noe,5,false
938,Gregorio,GATO,51,23,Noe,5,true
939,Gregorio,GATO,51,23,Noe,5,false
940,Gregorio,GATO,52,23,Noe,5,true
941,Gregorio,GATO,52,23,Noe,5,true
942,Gregorio,GATO,55,23,Noe,5,true
943,Gregorio,GATO,55,23,Noe,5,true
944,Gregorio,GATO,57,23,Noe,5,true
945,Gregorio,GATO,57,23,Noe,5,true
946,Gregorio,GATO,58,23,Noe,5,true
947,Gregorio,GATO,58,23,Noe,5,false
948,Gregorio,GATO,59,23,Noe,5,true
949,Gregorio,GATO,59,23,Noe,5,true
950,Gregorio,GATO,26,24,Noe,5,false
951,Gregorio,GATO,26,24,Noe,5,false
952,Firulais,GATO,30,24,Noe,5,false
953,Firulais,GATO,30,24,Noe,5,false
954,Firulais,GATO,31,24,Noe,5,true
955,Firulais,GATO,31,24,Noe,5,true
956,Firulais,GATO,33,24,Noe,5,false
957,Firulais,GATO,33,24,Noe,5,false
958,Gregorio,GATO,36,24,Noe,5,false
959,Gregorio,GATO,36,24,Noe,5,true
960,Gregorio,GATO,37,24,Noe,5,false
961,Gregorio,GATO,37,24,Noe,5,true
962,Gregorio,GATO,39,24,Noe,5,false
963,Gregorio,GATO,39,24,Noe,5,true
964,Gregorio,GATO,41,24,Noe,5,false
965,Gregorio,GATO,41,24,Noe,5,false
966,Gregorio,GATO,43,24,Noe,5,true
967,Gregorio,GATO,43,24,Noe,5,false
968,Gregorio,GATO,48,24,Noe,5,false
969,Gregorio,GATO,48,24,Noe,5,true
970,Gregorio,GATO,49,24,Noe,5,true
971,Gregorio,GATO,49,24,Noe,5,false
972,Gregorio,GATO,50,24,Noe,5,false
973,Gregorio,GATO,50,24,Noe,5,true
974,Gregorio,GATO,51,24,Noe,5,false
975,Gregorio,GATO,51,24,Noe,5,false
976,Gregorio,GATO,52,24,Noe,5,true
977,Gregorio,GATO,52,24,Noe,5,false
978,Gregorio,GATO,55,24,Noe,5,false
979,Gregorio,GATO,55,24,Noe,5,true
980,Gregorio,GATO,57,24,Noe,5,true
981,Gregorio,GATO,57,24,Noe,5,false
982,Gregorio,GATO,58,24,Noe,5,true
983,Gregorio,GATO,58,24,Noe,5,true
984,Gregorio,GATO,59,24,Noe,5,false
985,Gregorio,GATO,59,24,Noe,5,false
986,Gregorio,GATO,25,27,Noe,5,true
987,Gregorio,GATO,25,27,Noe,5,false
988,Gregorio,GATO,25,28,Noe,5,true
989,Gregorio,GATO,25,28,Noe,5,false
990,Gregorio,GATO,25,29,Noe,5,false
991,Gregorio,GATO,25,29,Noe,5,true
992,Gregorio,GATO,25,32,Noe,5,true
993,Gregorio,GATO,25,32,Noe,5,true
994,Gregorio,GATO,25,34,Noe,5,true
995,Gregorio,GATO,25,34,Noe,5,true
996,Gregorio,GATO,25,35,Noe,5,true
997,Gregorio,GATO,25,35,Noe,5,false
998,Gregorio,GATO,25,38,Noe,5,false
999,Gregorio,GATO,25,38,Noe,5,false
1000,Gregorio,GATO,25,40,Noe,5,true
1001,Gregorio,GATO,25,40,Noe,5,true
1002,Gregorio,GATO,25,42,Noe,5,true
1003,Gregorio,GATO,25,42,Noe,5,true
1004,Gregorio,GATO,25,44,Noe,5,true
1005,Gregorio,GATO,25,44,Noe,5,true
1006,Gregorio,GATO,25,45,Noe,5,false
1007,Gregorio,GATO,25,45,Noe,5,false
1008,Gregorio,GATO,25,46,Noe,5,false
1009,Gregorio,GATO,25,46,Noe,5,true
1010,Gregorio,GATO,25,47,Noe,5,true
1011,Gregorio,GATO,25,47,Noe,5,true
1012,Gregorio,GATO,25,53,Noe,5,true
1013,Gregorio,GATO,25,53,Noe,5,false
1014,Gregorio,GATO,25,54,Noe,5,false
1015,Gregorio,GATO,25,54,Noe,5,true
1016,Gregorio,GATO,25,56,Noe,5,false
1017,Gregorio,GATO,25,56,Noe,5,false
1018,Gregorio,GATO,26,28,Noe,5,true
1019,Gregorio,GATO,26,28,Noe,5,true
1020,Gregorio,GATO,26,29,Noe,5,true
1021,Gregorio,GATO,26,29,Noe,5,true
1022,Gregorio,GATO,26,32,Noe,5,true
1023,Gregorio,GATO,26,32,Noe,5,false
1024,Gregorio,GATO,26,34,Noe,5,false
1025,Gregorio,GATO,26,34,Noe,5,false
1026,Gregorio,GATO,26,35,Noe,5,true
1027,Gregorio,GATO,26,35,Noe,5,false
1028,Gregorio,GATO,26,38,Noe,5,false
1029,Gregorio,GATO,26,38,Noe,5,false
1030,Gregorio,GATO,26,40,Noe,5,false
1031,Gregorio,GATO,26,40,Noe,5,false
1032,Gregorio,GATO,26,42,Noe,5,true
1033,Gregorio,GATO,26,42,Noe,5,false
1034,Gregorio,GATO,26,44,Noe,5,true
1035,Gregorio,GATO,26,44,Noe,5,true
1036,Gregorio,GATO,26,45,Noe,5,false
1037,Gregorio,GATO,26,45,Noe,5,true
1038,Gregorio,GATO,26,46,Noe,5,false
1039,Gregorio,GATO,26,46,Noe,5,true
1040,Gregorio,GATO,26,47,Noe,5,false
1041,Gregorio,GATO,26,47,Noe,5,false
1042,Gregorio,GATO,26,53,Noe,5,false
1043,Gregorio,GATO,26,53,Noe,5,true
1044,Gregorio,GATO,26,54,Noe,5,true
1045,Gregorio,GATO,26,54,Noe,5,false
1046,Gregorio,GATO,26,56,Noe,5,false
1047,Gregorio,GATO,26,56,Noe,5,true
1048,Firulais,GATO,30,27,Noe,5,false
1049,Firulais,GATO,30,27,Noe,5,true
1050,Firulais,GATO,31,27,Noe,5,false
1051,Firulais,GATO,31,27,Noe,5,true
1052,Firulais,GATO,33,27,Noe,5,false
1053,Firulais,GATO,33,27,Noe,5,true
1054,Gregorio,GATO,36,27,Noe,5,true
1055,Gregorio,GATO,36,27,Noe,5,true
1056,Gregorio,GATO,37,27,Noe,5,false
1057,Gregorio,GATO,37,27,Noe,5,false
1058,Gregorio,GATO,39,27,Noe,5,false
1059,Gregorio,GATO,39,27,Noe,5,false
1060,Gregorio,GATO,41,27,Noe,5,true
1061,Gregorio,GATO,41,27,Noe,5,false
1062,Gregorio,GATO,43,27,Noe,5,true
1063,Gregorio,GATO,43,27,Noe,5,true
1064,Gregorio,GATO,48,27,Noe,5,false
1065,Gregorio,GATO,48,27,Noe,5,true
1066,Gregorio,GATO,49,27,Noe,5,false
1067,Gregorio,GATO,49,27,Noe,5,true
1068,Gregorio,GATO,50,27,Noe,5,true
1069,Gregorio,GATO,50,27,Noe,5,true
1070,Gregorio,GATO,51,27,Noe,5,true
1071,Gregorio,GATO,51,27,Noe,5,true
1072,Gregorio,GATO,52,27,Noe,5,true
1073,Gregorio,GATO,52,27,Noe,5,true
1074,Gregorio,GATO,55,27,Noe,5,false
1075,Gregorio,GATO,55,27,Noe,5,true
1076,Gregorio,GATO,57,27,Noe,5,false
1077,Gregorio,GATO,57,27,Noe,5,false
1078,Gregorio,GATO,58,27,Noe,5,false
1079,Gregorio,GATO,58,27,Noe,5,false
1080,Gregorio,GATO,59,27,Noe,5,true
1081,Gregorio,GATO,59,27,Noe,5,false
1082,Firulais,GATO,30,28,Noe,5,true
1083,Firulais,GATO,30,28,Noe,5,false
1084,Firulais,GATO,31,28,Noe,5,false
1085,Firulais,GATO,31,28,Noe,5,true
1086,Firulais,GATO,33,28,Noe,5,false
1087,Firulais,GATO,33,28,Noe,5,false
1088,Gregorio,GATO,36,28,Noe,5,true
1089,Gregorio,GATO,36,28,Noe,5,false
1090,Gregorio,GATO,37,28,Noe,5,true
1091,Gregorio,GATO,37,28,Noe,5,true
1092,Gregorio,GATO,39,28,Noe,5,false
1093,Gregorio,GATO,39,28,Noe,5,true
1094,Gregorio,GATO,41,28,Noe,5,false
1095,Gregorio,GATO,41,28,Noe,5,true
1096,Gregorio,GATO,43,28,Noe,5,true
1097,Gregorio,GATO,43,28,Noe,5,false
1098,Gregorio,GATO,48,28,Noe,5,false
1099,Gregorio,GATO,48,28,Noe,5,false
1100,Gregorio,GATO,49,28,Noe,5,false
1101,Gregorio,GATO,49,28,Noe,5,false
1102,Gregorio,GATO,50,28,Noe,5,true
1103,Gregorio,GATO,50,28,Noe,5,false
1104,Gregorio,GATO,51,28,Noe,5,false
1105,Gregorio,GATO,51,28,Noe,5,false
1106,Gregorio,GATO,52,28,Noe,5,false
1107,Gregorio,GATO,52,28,Noe,5,true
1108,Gregorio,GATO,55,28,Noe,5,true
1109,Gregorio,GATO,55,28,Noe,5,false
1110,Gregorio,GATO,57,28,Noe,5,false
1111,Gregorio,GATO,57,28,Noe,5,false
1112,Gregorio,GATO,58,28,Noe,5,true
1113,Gregorio,GATO,58,28,Noe,5,false
1114,Gregorio,GATO,59,28,Noe,5,true
1115,Gregorio,GATO,59,28,Noe,5,true
1116,Firulais,GATO,30,29,Noe,5,false
1117,Firulais,GATO,30,29,Noe,5,true
1118,Firulais,GATO,31,29,Noe,5,true
1119,Firulais,GATO,31,29,Noe,5,true
1120,Firulais,GATO,33,29,Noe,5,true
1121,Firulais,GATO,33,29,Noe,5,false
1122,Gregorio,GATO,36,29,Noe,5,true
1123,Gregorio,GATO,36,29,Noe,5,false
1124,Gregorio,GATO,37,29,Noe,5,true
1125,Gregorio,GATO,37,29,Noe,5,true
1126,Gregorio,GATO,39,29,Noe,5,false
1127,Gregorio,GATO,39,29,Noe,5,false
1128,Gregorio,GATO,41,29,Noe,5,true
1129,Gregorio,GATO,41,29,Noe,5,false
1130,Gregorio,GATO,43,29,Noe,5,true
1131,Gregorio,GATO,43,29,Noe,5,true
1132,Gregorio,GATO,48,29,Noe,5,true
1133,Gregorio,GATO,48,29,Noe,5,true
1134,Gregorio,GATO,49,29,Noe,5,false
1135,Gregorio,GATO,49,29,Noe,5,true
1136,Gregorio,GATO,50,29,Noe,5,false
1137,Gregorio,GATO,50,29,Noe,5,true
1138,Gregorio,GATO,51,29,Noe,5,false
1139,Gregorio,GATO,51,29,Noe,5,true
1140,Gregorio,GATO,52,29,Noe,5,true
1141,Gregorio,GATO,52,29,Noe,5,false
1142,Gregorio,GATO,55,29,Noe,5,false
1143,Gregorio,GATO,55,29,Noe,5,true
1144,Gregorio,GATO,57,29,Noe,5,false
1145,Gregorio,GATO,57,29,Noe,5,false
1146,Gregorio,GATO,58,29,Noe,5,false
1147,Gregorio,GATO,58,29,Noe,5,true
1148,Gregorio,GATO,59,29,Noe,5,false
1149,Gregorio,GATO,59,29,Noe,5,true
1150,Firulais,GATO,30,32,Noe,5,false
1151,Firulais,GATO,30,32,Noe,5,true
1152,Firulais,GATO,30,34,Noe,5,true
1153,Firulais,GATO,30,34,Noe,5,true
1154,Firulais,GATO,30,35,Noe,5,false
1155,Firulais,GATO,30,35,Noe,5,false
1156,Firulais,GATO,30,38,Noe,5,false
1157,Firulais,GATO,30,38,Noe,5,false
1158,Firulais,GATO,30,40,Noe,5,true
1159,Firulais,GATO,30,40,Noe,5,false
1160,Firulais,GATO,30,42,Noe,5,false
1161,Firulais,GATO,30,42,Noe,5,false
1162,Firulais,GATO,30,44,Noe,5,true
1163,Firulais,GATO,30,44,Noe,5,true
1164,Firulais,GATO,30,45,Noe,5,true
1165,Firulais,GATO,30,45,Noe,5,false
1166,Firulais,GATO,30,46,Noe,5,false
1167,Firulais,GATO,30,46,Noe,5,true
1168,Firulais,GATO,30,47,Noe,5,true
1169,Firulais,GATO,30,47,Noe,5,true
1170,Firulais,GATO,30,53,Noe,5,true
1171,Firulais,GATO,30,53,Noe,5,true
1172,Firulais,GATO,30,54,Noe,5,false
1173,Firulais,GATO,30,54,Noe,5,true
1174,Firulais,GATO,30,56,Noe,5,false
1175,Firulais,GATO,30,56,Noe,5,true
1176,Firulais,GATO,31,32,Noe,5,true
1177,Firulais,GATO,31,32,Noe,5,true
1178,Firulais,GATO,31,34,Noe,5,false
1179,Firulais,GATO,31,34,Noe,5,true
1180,Firulais,GATO,31,35,Noe,5,true
1181,Firulais,GATO,31,35,Noe,5,true
1182,Firulais,GATO,31,38,Noe,5,true
1183,Firulais,GATO,31,38,Noe,5,false
1184,Firulais,GATO,31,40,Noe,5,false
1185,Firulais,GATO,31,40,Noe,5,false
1186,Firulais,GATO,31,42,Noe,5,true
1187,Firulais,GATO,31,42,Noe,5,true
1188,Firulais,GATO,31,44,Noe,5,true
1189,Firulais,GATO,31,44,Noe,5,false
1190,Firulais,GATO,31,45,Noe,5,true
1191,Firulais,GATO,31,45,Noe,5,true
1192,Firulais,GATO,31,46,Noe,5,false
1193,Firulais,GATO,31,46,Noe,5,false
1194,Firulais,GATO,31,47,Noe,5,false
1195,Firulais,GATO,31,47,Noe,5,false
1196,Firulais,GATO,31,53,Noe,5,true
1197,Firulais,GATO,31,53,Noe,5,true
1198,Firulais,GATO,31,54,Noe,5,true
1199,Firulais,GATO,31,54,Noe,5,false
1200,Firulais,GATO,31,56,Noe,5,true
1201,Firulais,GATO,31,56,Noe,5,true
1202,Gregorio,GATO,36,32,Noe,5,true
1203,Gregorio,GATO,36,32,Noe,5,true
1204,Gregorio,GATO,37,32,Noe,5,false
1205,Gregorio,GATO,37,32,Noe,5,false
1206,Gregorio,GATO,39,32,Noe,5,true
1207,Gregorio,GATO,39,32,Noe,5,true
1208,Gregorio,GATO,41,32,Noe,5,true
1209,Gregorio,GATO,41,32,Noe,5,false
1210,Gregorio,GATO,43,32,Noe,5,true
1211,Gregorio,GATO,43,32,Noe,5,false
1212,Gregorio,GATO,48,32,Noe,5,false
1213,Gregorio,GATO,48,32,Noe,5,true
1214,Gregorio,GATO,49,32,Noe,5,false
1215,Gregorio,GATO,49,32,Noe,5,false
1216,Gregorio,GATO,50,32,Noe,5,false
1217,Gregorio,GATO,50,32,Noe,5,true
1218,Gregorio,GATO,51,32,Noe,5,false
1219,Gregorio,GATO,51,32,Noe,5,false
1220,Gregorio,GATO,52,32,Noe,5,false
1221,Gregorio,GATO,52,32,Noe,5,true
1222,Gregorio,GATO,55,32,Noe,5,false
1223,Gregorio,GATO,55,32,Noe,5,true
1224,Gregorio,GATO,57,32,Noe,5,false
1225,Gregorio,GATO,57,32,Noe,5,false
1226,Gregorio,GATO,58,32,Noe,5,false
1227,Gregorio,GATO,58,32,Noe,5,true
1228,Gregorio,GATO,59,32,Noe,5,true
1229,Gregorio,GATO,59,32,Noe,5,false
1230,Firulais,GATO,33,34,Noe,5,true
1231,Firulais,GATO,33,34,Noe,5,false
1232,Firulais,GATO,33,35,Noe,5,false
1233,Firulais,GATO,33,35,Noe,5,false
1234,Firulais,GATO,33,38,Noe,5,true
1235,Firulais,GATO,33,38,Noe,5,true
1236,Firulais,GATO,33,40,Noe,5,true
1237,Firulais,GATO,33,40,Noe,5,false
1238,Firulais,GATO,33,42,Noe,5,true
1239,Firulais,GATO,33,42,Noe,5,true
1240,Firulais,GATO,33,44,Noe,5,false
1241,Firulais,GATO,33,44,Noe,5,false
1242,Firulais,GATO,33,45,Noe,5,false
1243,Firulais,GATO,33,45,Noe,5,true
1244,Firulais,GATO,33,46,Noe,5,true
1245,Firulais,GATO,33,46,Noe,5,true
1246,Firulais,GATO,33,47,Noe,5,false
1247,Firulais,GATO,33,47,Noe,5,true
1248,Firulais,GATO,33,53,Noe,5,false
1249,Firulais,GATO,33,53,Noe,5,true
1250,Firulais,GATO,33,54,Noe,5,true
1251,Firulais,GATO,33,54,Noe,5,false
1252,Firulais,GATO,33,56,Noe,5,false
1253,Firulais,GATO,33,56,Noe,5,true
1254,Gregorio,GATO,36,34,Noe,5,true
1255,Gregorio,GATO,36,34,Noe,5,false
1256,Gregorio,GATO,37,34,Noe,5,true
1257,Gregorio,GATO,37,34,Noe,5,true
1258,Gregorio,GATO,39,34,Noe,5,true
1259,Gregorio,GATO,39,34,Noe,5,true
1260,Gregorio,GATO,41,34,Noe,5,true
1261,Gregorio,GATO,41,34,Noe,5,false
1262,Gregorio,GATO,43,34,Noe,5,false
1263,Gregorio,GATO,43,34,Noe,5,false
1264,Gregorio,GATO,48,34,Noe,5,true
1265,Gregorio,GATO,48,34,Noe,5,true
1266,Gregorio,GATO,49,34,Noe,5,false
1267,Gregorio,GATO,49,34,Noe,5,true
1268,Gregorio,GATO,50,34,Noe,5,true
1269,Gregorio,GATO,50,34,Noe,5,true
1270,Gregorio,GATO,51,34,Noe,5,false
1271,Gregorio,GATO,51,34,Noe,5,false
1272,Gregorio,GATO,52,34,Noe,5,true
1273,Gregorio,GATO,52,34,Noe,5,false
1274,Gregorio,GATO,55,34,Noe,5,false
1275,Gregorio,GATO,55,34,Noe,5,false
1276,Gregorio,GATO,57,34,Noe,5,false
1277,Gregorio,GATO,57,34,Noe,5,true
1278,Gregorio,GATO,58,34,Noe,5,false
1279,Gregorio,GATO,58,34,Noe,5,true
1280,Gregorio,GATO,59,34,Noe,5,true
1281,Gregorio,GATO,59,34,Noe,5,true
1282,Gregorio,GATO,36,35,Noe,5,false
1283,Gregorio,GATO,36,35,Noe,5,true
1284,Gregorio,GATO,37,35,Noe,5,false
1285,Gregorio,GATO,37,35,Noe,5,false
1286,Gregorio,GATO,39,35,Noe,5,true
1287,Gregorio,GATO,39,35,Noe,5,false
1288,Gregorio,GATO,41,35,Noe,5,false
1289,Gregorio,GATO,41,35,Noe,5,false
1290,Gregorio,GATO,43,35,Noe,5,false
1291,Gregorio,GATO,43,35,Noe,5,false
1292,Gregorio,GATO,48,35,Noe,5,false
1293,Gregorio,GATO,48,35,Noe,5,false
1294,Gregorio,GATO,49,35,Noe,5,true
1295,Gregorio,GATO,49,35,Noe,5,true
1296,Gregorio,GATO,50,35,Noe,5,true
1297,Gregorio,GATO,50,35,Noe,5,true
1298,Gregorio,GATO,51,35,Noe,5,true
1299,Gregorio,GATO,51,35,Noe,5,true
1300,Gregorio,GATO,52,35,Noe,5,true
1301,Gregorio,GATO,52,35,Noe,5,true
1302,Gregorio,GATO,55,35,Noe,5,true
1303,Gregorio,GATO,55,35,Noe,5,false
1304,Gregorio,GATO,57,35,Noe,5,true
1305,Gregorio,GATO,57,35,Noe,5,false
1306,Gregorio,GATO,58,35,Noe,5,true
1307,Gregorio,GATO,58,35,Noe,5,true
1308,Gregorio,GATO,59,35,Noe,5,false
1309,Gregorio,GATO,59,35,Noe,5,true
1310,Gregorio,GATO,36,38,Noe,5,true
1311,Gregorio,GATO,36,38,Noe,5,false
1312,Gregorio,GATO,36,40,Noe,5,true
1313,Gregorio,GATO,36,40,Noe,5,false
1314,Gregorio,GATO,36,42,Noe,5,false
1315,Gregorio,GATO,36,42,Noe,5,false
1316,Gregorio,GATO,36,44,Noe,5,true
1317,Gregorio,GATO,36,44,Noe,5,true
1318,Gregorio,GATO,36,45,Noe,5,false
1319,Gregorio,GATO,36,45,Noe,5,false
1320,Gregorio,GATO,36,46,Noe,5,false
1321,Gregorio,GATO,36,46,Noe,5,false
1322,Gregorio,GATO,36,47,Noe,5,false
1323,Gregorio,GATO,36,47,Noe,5,false
1324,Gregorio,GATO,36,53,Noe,5,true
1325,Gregorio,GATO,36,53,Noe,5,true
1326,Gregorio,GATO,36,54,Noe,5,false
1327,Gregorio,GATO,36,54,Noe,5,true
1328,Gregorio,GATO,36,56,Noe,5,true
1329,Gregorio,GATO,36,56,Noe,5,false
1330,Gregorio,GATO,37,38,Noe,5,true
1331,Gregorio,GATO,37,38,Noe,5,false
1332,Gregorio,GATO,37,40,Noe,5,false
1333,Gregorio,GATO,37,40,Noe,5,false
1334,Gregorio,GATO,37,42,Noe,5,true
1335,Gregorio,GATO,37,42,Noe,5,false
1336,Gregorio,GATO,37,44,Noe,5,true
1337,Gregorio,GATO,37,44,Noe,5,true
1338,Gregorio,GATO,37,45,Noe,5,true
1339,Gregorio,GATO,37,45,Noe,5,true
1340,Gregorio,GATO,37,46,Noe,5,true
1341,Gregorio,GATO,37,46,Noe,5,false
1342,Gregorio,GATO,37,47,Noe,5,true
1343,Gregorio,GATO,37,47,Noe,5,true
1344,Gregorio,GATO,37,53,Noe,5,true
1345,Gregorio,GATO,37,53,Noe,5,false
1346,Gregorio,GATO,37,54,Noe,5,true
1347,Gregorio,GATO,37,54,Noe,5,true
1348,Gregorio,GATO,37,56,Noe,5,false
1349,Gregorio,GATO,37,56,Noe,5,false
1350,Gregorio,GATO,41,38,Noe,5,true
1351,Gregorio,GATO,41,38,Noe,5,false
1352,Gregorio,GATO,43,38,Noe,5,true
1353,Gregorio,GATO,43,38,Noe,5,true
1354,Gregorio,GATO,48,38,Noe,5,true
1355,Gregorio,GATO,48,38,Noe,5,true
1356,Gregorio,GATO,49,38,Noe,5,true
1357,Gregorio,GATO,49,38,Noe,5,false
1358,Gregorio,GATO,50,38,Noe,5,true
1359,Gregorio,GATO,50,38,Noe,5,false
1360,Gregorio,GATO,51,38,Noe,5,false
1361,Gregorio,GATO,51,38,Noe,5,false
1362,Gregorio,GATO,52,38,Noe,5,true
1363,Gregorio,GATO,52,38,Noe,5,false
1364,Gregorio,GATO,55,38,Noe,5,false
1365,Gregorio,GATO,55,38,Noe,5,true
1366,Gregorio,GATO,57,38,Noe,5,true
1367,Gregorio,GATO,57,38,Noe,5,false
1368,Gregorio,GATO,58,38,Noe,5,true
1369,Gregorio,GATO,58,38,Noe,5,true
1370,Gregorio,GATO,59,38,Noe,5,true
1371,Gregorio,GATO,59,38,Noe,5,false
1372,Gregorio,GATO,39,40,Noe,5,true
1373,Gregorio,GATO,39,40,Noe,5,true
1374,Gregorio,GATO,39,42,Noe,5,false
1375,Gregorio,GATO,39,42,Noe,5,false
1376,Gregorio,GATO,39,44,Noe,5,false
1377,Gregorio,GATO,39,44,Noe,5,false
1378,Gregorio,GATO,39,45,Noe,5,true
1379,Gregorio,GATO,39,45,Noe,5,true
1380,Gregorio,GATO,39,46,Noe,5,false
1381,Gregorio,GATO,39,46,Noe,5,false
1382,Gregorio,GATO,39,47,Noe,5,true
1383,Gregorio,GATO,39,47,Noe,5,true
1384,Gregorio,GATO,39,53,Noe,5,true
1385,Gregorio,GATO,39,53,Noe,5,true
1386,Gregorio,GATO,39,54,Noe,5,true
1387,Gregorio,GATO,39,54,Noe,5,true
1388,Gregorio,GATO,39,56,Noe,5,false
1389,Gregorio,GATO,39,56,Noe,5,false
1390,Gregorio,GATO,43,40,Noe,5,false
1391,Gregorio,GATO,43,40,Noe,5,false
1392,Gregorio,GATO,48,40,Noe,5,false
1393,Gregorio,GATO,48,40,Noe,5,false
1394,Gregorio,GATO,49,40,Noe,5,true
1395,Gregorio,GATO,49,40,Noe,5,true
1396,Gregorio,GATO,50,40,Noe,5,false
1397,Gregorio,GATO,50,40,Noe,5,true
1398,Gregorio,GATO,51,40,Noe,5,false
1399,Gregorio,GATO,51,40,Noe,5,true
1400,Gregorio,GATO,52,40,Noe,5,true
1401,Gregorio,GATO,52,40,Noe,5,false
1402,Gregorio,GATO,55,40,Noe,5,false
1403,Gregorio,GATO,55,40,Noe,5,true
1404,Gregorio,GATO,57,40,Noe,5,false
1405,Gregorio,GATO,57,40,Noe,5,false
1406,Gregorio,GATO,58,40,Noe,5,false
1407,Gregorio,GATO,58,40,Noe,5,false
1408,Gregorio,GATO,59,40,Noe,5,true
1409,Gregorio,GATO,59,40,Noe,5,false
1410,Gregorio,GATO,41,42,Noe,5,false
1411,Gregorio,GATO,41,42,Noe,5,false
1412,Gregorio,GATO,41,44,Noe,5,false
1413,Gregorio,GATO,41,44,Noe,5,true
1414,Gregorio,GATO,41,45,Noe,5,true
1415,Gregorio,GATO,41,45,Noe,5,false
1416,Gregorio,GATO,41,46,Noe,5,false
1417,Gregorio,GATO,41,46,Noe,5,true
1418,Gregorio,GATO,41,47,Noe,5,false
1419,Gregorio,GATO,41,47,Noe,5,true
1420,Gregorio,GATO,41,53,Noe,5,true
1421,Gregorio,GATO,41,53,Noe,5,true
1422,Gregorio,GATO,41,54,Noe,5,true
1423,Gregorio,GATO,41,54,Noe,5,true
1424,Gregorio,GATO,41,56,Noe,5,true
1425,Gregorio,GATO,41,56,Noe,5,false
1426,Gregorio,GATO,48,42,Noe,5,true
1427,Gregorio,GATO,48,42,Noe,5,false
1428,Gregorio,GATO,49,42,Noe,5,false
1429,Gregorio,GATO,49,42,Noe,5,false
1430,Gregorio,GATO,50,42,Noe,5,false
1431,Gregorio,GATO,50,42,Noe,5,false
1432,Gregorio,GATO,51,42,Noe,5,true
1433,Gregorio,GATO,51,42,Noe,5,true
1434,Gregorio,GATO,52,42,Noe,5,true
1435,Gregorio,GATO,52,42,Noe,5,true
1436,Gregorio,GATO,55,42,Noe,5,false
1437,Gregorio,GATO,55,42,Noe,5,true
1438,Gregorio,GATO,57,42,Noe,5,false
1439,Gregorio,GATO,57,42,Noe,5,false
1440,Gregorio,GATO,58,42,Noe,5,true
1441,Gregorio,GATO,58,42,Noe,5,true
1442,Gregorio,GATO,59,42,Noe,5,false
1443,Gregorio,GATO,59,42,Noe,5,true
1444,Gregorio,GATO,43,44,Noe,5,true
1445,Gregorio,GATO,43,44,Noe,5,true
1446,Gregorio,GATO,43,45,Noe,5,true
1447,Gregorio,GATO,43,45,Noe,5,false
1448,Gregorio,GATO,43,46,Noe,5,true
1449,Gregorio,GATO,43,46,Noe,5,false
1450,Gregorio,GATO,43,47,Noe,5,true
1451,Gregorio,GATO,43,47,Noe,5,true
1452,Gregorio,GATO,43,53,Noe,5,false
1453,Gregorio,GATO,43,53,Noe,5,false
1454,Gregorio,GATO,43,54,Noe,5,true
1455,Gregorio,GATO,43,54,Noe,5,false
1456,Gregorio,GATO,43,56,Noe,5,false
1457,Gregorio,GATO,43,56,Noe,5,false
1458,Gregorio,GATO,48,44,Noe,5,true
1459,Gregorio,GATO,48,44,Noe,5,false
1460,Gregorio,GATO,49,44,Noe,5,false
1461,Gregorio,GATO,49,44,Noe,5,false
1462,Gregorio,GATO,50,44,Noe,5,true
1463,Gregorio,GATO,50,44,Noe,5,false
1464,Gregorio,GATO,51,44,Noe,5,true
1465,Gregorio,GATO,51,44,Noe,5,true
1466,Gregorio,GATO,52,44,Noe,5,false
1467,Gregorio,GATO,52,44,Noe,5,true
1468,Gregorio,GATO,55,44,Noe,5,true
1469,Gregorio,GATO,55,44,Noe,5,false
1470,Gregorio,GATO,57,44,Noe,5,false
1471,Gregorio,GATO,57,44,Noe,5,true
1472,Gregorio,GATO,58,44,Noe,5,false
1473,Gregorio,GATO,58,44,Noe,5,false
1474,Gregorio,GATO,59,44,Noe,5,true
1475,Gregorio,GATO,59,44,Noe,5,false
1476,Gregorio,GATO,48,45,Noe,5,false
1477,Gregorio,GATO,48,45,Noe,5,true
1478,Gregorio,GATO,49,45,Noe,5,false
1479,Gregorio,GATO,49,45,Noe,5,false
1480,Gregorio,GATO,50,45,Noe,5,false
1481,Gregorio,GATO,50,45,Noe,5,true
1482,Gregorio,GATO,51,45,Noe,5,true
1483,Gregorio,GATO,51,45,Noe,5,true
1484,Gregorio,GATO,52,45,Noe,5,false
1485,Gregorio,GATO,52,45,Noe,5,false
1486,Gregorio,GATO,55,45,Noe,5,false
1487,Gregorio,GATO,55,45,Noe,5,false
1488,Gregorio,GATO,57,45,Noe,5,true
1489,Gregorio,GATO,57,45,Noe,5,false
1490,Gregorio,GATO,58,45,Noe,5,false
1491,Gregorio,GATO,58,45,Noe,5,false
1492,Gregorio,GATO,59,45,Noe,5,false
1493,Gregorio,GATO,59,45,Noe,5,true
1494,Gregorio,GATO,48,46,Noe,5,false
1495,Gregorio,GATO,48,46,Noe,5,false
1496,Gregorio,GATO,49,46,Noe,5,true
1497,Gregorio,GATO,49,46,Noe,5,true
1498,Gregorio,GATO,50,46,Noe,5,true
1499,Gregorio,GATO,50,46,Noe,5,false
1500,Gregorio,GATO,51,46,Noe,5,true
1501,Gregorio,GATO,51,46,Noe,5,true
1502,Gregorio,GATO,52,46,Noe,5,false
1503,Gregorio,GATO,52,46,Noe,5,false
1504,Gregorio,GATO,55,46,Noe,5,false
1505,Gregorio,GATO,55,46,Noe,5,false
1506,Gregorio,GATO,57,46,Noe,5,true
1507,Gregorio,GATO,57,46,Noe,5,true
1508,Gregorio,GATO,58,46,Noe,5,false
1509,Gregorio,GATO,58,46,Noe,5,false
1510,Gregorio,GATO,59,46,Noe,5,true
1511,Gregorio,GATO,59,46,Noe,5,false
1512,Gregorio,GATO,48,47,Noe,5,true
1513,Gregorio,GATO,48,47,Noe,5,true
1514,Gregorio,GATO,49,47,Noe,5,false
1515,Gregorio,GATO,49,47,Noe,5,false
1516,Gregorio,GATO,50,47,Noe,5,true
1517,Gregorio,GATO,50,47,Noe,5,false
1518,Gregorio,GATO,51,47,Noe,5,false
1519,Gregorio,GATO,51,47,Noe,5,true
1520,Gregorio,GATO,52,47,Noe,5,true
1521,Gregorio,GATO,52,47,Noe,5,false
1522,Gregorio,GATO,55,47,Noe,5,false
1523,Gregorio,GATO,55,47,Noe,5,false
1524,Gregorio,GATO,57,47,Noe,5,true
1525,Gregorio,GATO,57,47,Noe,5,true
1526,Gregorio,GATO,58,47,Noe,5,false
1527,Gregorio,GATO,58,47,Noe,5,false
1528,Gregorio,GATO,59,47,Noe,5,true
1529,Gregorio,GATO,59,47,Noe,5,true
1530,Gregorio,GATO,48,53,Noe,5,false
1531,Gregorio,GATO,48,53,Noe,5,false
1532,Gregorio,GATO,48,54,Noe,5,false
1533,Gregorio,GATO,48,54,Noe,5,true
1534,Gregorio,GATO,48,56,Noe,5,false
1535,Gregorio,GATO,48,56,Noe,5,false
1536,Gregorio,GATO,49,53,Noe,5,true
1537,Gregorio,GATO,49,53,Noe,5,true
1538,Gregorio,GATO,49,54,Noe,5,false
1539,Gregorio,GATO,49,54,Noe,5,true
1540,Gregorio,GATO,49,56,Noe,5,false
1541,Gregorio,GATO,49,56,Noe,5,false
1542,Gregorio,GATO,50,53,Noe,5,false
1543,Gregorio,GATO,50,53,Noe,5,true
1544,Gregorio,GATO,50,54,Noe,5,true
1545,Gregorio,GATO,50,54,Noe,5,true
1546,Gregorio,GATO,50,56,Noe,5,false
1547,Gregorio,GATO,50,56,Noe,5,false
1548,Gregorio,GATO,51,53,Noe,5,true
1549,Gregorio,GATO,51,53,Noe,5,false
1550,Gregorio,GATO,51,54,Noe,5,true
1551,Gregorio,GATO,51,54,Noe,5,true
1552,Gregorio,GATO,51,56,Noe,5,false
1553,Gregorio,GATO,51,56,Noe,5,false
1554,Gregorio,GATO,52,54,Noe,5,true
1555,Gregorio,GATO,52,54,Noe,5,true
1556,Gregorio,GATO,52,56,Noe,5,false
1557,Gregorio,GATO,52,56,Noe,5,false
1558,Gregorio,GATO,55,53,Noe,5,true
1559,Gregorio,GATO,55,53,Noe,5,true
1560,Gregorio,GATO,57,53,Noe,5,false
1561,Gregorio,GATO,57,53,Noe,5,true
1562,Gregorio,GATO,58,53,Noe,5,false
1563,Gregorio,GATO,58,53,Noe,5,false
1564,Gregorio,GATO,59,53,Noe,5,false
1565,Gregorio,GATO,59,53,Noe,5,false
1566,Gregorio,GATO,57,54,Noe,5,true
1567,Gregorio,GATO,57,54,Noe,5,true
1568,Gregorio,GATO,58,54,Noe,5,false
1569,Gregorio,GATO,58,54,Noe,5,false
1570,Gregorio,GATO,59,54,Noe,5,false
1571,Gregorio,GATO,59,54,Noe,5,false
1572,Gregorio,GATO,55,56,Noe,5,true
1573,Gregorio,GATO,55,56,Noe,5,true
1574,Gregorio,GATO,58,56,Noe,5,true
1575,Gregorio,GATO,58,56,Noe,5,true
1576,Gregorio,GATO,59,56,Noe,5,false
1577,Gregorio,GATO,59,56,Noe,5,true
